{
    "loss": 9.525403022766113,
    "accuracy": 0.47058823704719543
}